{
	"credit": "PhantomExitus",
	"ambientocclusion": false,
	"textures": {
		"0": "./phantomexitus",
		"particle": "./phantomexitus"
	},
	"elements": [
		{
			"from": [5.9, 4.8, 0.9],
			"to": [8, 7.1, 7.1],
			"faces": {
				"north": {"uv": [3, 12, 2, 13], "texture": "#0"},
				"east": {"uv": [0, 13, 1, 16], "rotation": 270, "texture": "#0"},
				"south": {"uv": [2, 13, 1, 12], "texture": "#0"},
				"west": {"uv": [2, 13, 3, 16], "rotation": 90, "texture": "#0"},
				"up": {"uv": [1, 13, 2, 16], "rotation": 180, "texture": "#0"},
				"down": {"uv": [3, 13, 4, 16], "texture": "#0"}
			}
		},
		{
			"from": [6, 5, 1],
			"to": [8, 7, 7],
			"faces": {
				"north": {"uv": [7, 12, 6, 13], "texture": "#0"},
				"east": {"uv": [4, 13, 5, 16], "rotation": 270, "texture": "#0"},
				"south": {"uv": [6, 13, 5, 12], "texture": "#0"},
				"west": {"uv": [6, 13, 7, 16], "rotation": 90, "texture": "#0"},
				"up": {"uv": [5, 13, 6, 16], "rotation": 180, "texture": "#0"},
				"down": {"uv": [7, 13, 8, 16], "texture": "#0"}
			}
		},
		{
			"from": [8, 5, 1],
			"to": [10, 7, 7],
			"faces": {
				"north": {"uv": [3, 4, 2, 5], "texture": "#0"},
				"east": {"uv": [0, 5, 1, 8], "rotation": 270, "texture": "#0"},
				"south": {"uv": [2, 5, 1, 4], "texture": "#0"},
				"west": {"uv": [2, 5, 3, 8], "rotation": 90, "texture": "#0"},
				"up": {"uv": [1, 5, 2, 8], "rotation": 180, "texture": "#0"},
				"down": {"uv": [3, 5, 4, 8], "texture": "#0"}
			}
		},
		{
			"from": [7.9, 4.8, 1.9],
			"to": [10.1, 7.1, 8.1],
			"faces": {
				"north": {"uv": [3, 8, 2, 9], "texture": "#0"},
				"east": {"uv": [0, 9, 1, 12], "rotation": 270, "texture": "#0"},
				"south": {"uv": [2, 9, 1, 8], "texture": "#0"},
				"west": {"uv": [2, 9, 3, 12], "rotation": 90, "texture": "#0"},
				"up": {"uv": [1, 9, 2, 12], "rotation": 180, "texture": "#0"},
				"down": {"uv": [3, 9, 4, 12], "texture": "#0"}
			}
		},
		{
			"from": [10, 1, 11],
			"to": [12, 7, 13],
			"rotation": {"angle": -22.5, "axis": "x", "origin": [0, 0, 0]},
			"faces": {
				"north": {"uv": [11, 5, 12, 8], "texture": "#0"},
				"east": {"uv": [10, 5, 11, 8], "texture": "#0"},
				"south": {"uv": [13, 5, 14, 8], "texture": "#0"},
				"west": {"uv": [12, 5, 13, 8], "texture": "#0"},
				"up": {"uv": [12, 4, 11, 5], "texture": "#0"},
				"down": {"uv": [13, 4, 12, 5], "texture": "#0"}
			}
		},
		{
			"from": [9.9, 0.9, 10.9],
			"to": [12.1, 7.1, 13.2],
			"rotation": {"angle": -22.5, "axis": "x", "origin": [0, 0, 0]},
			"faces": {
				"north": {"uv": [11, 9, 12, 12], "texture": "#0"},
				"east": {"uv": [10, 9, 11, 12], "texture": "#0"},
				"south": {"uv": [13, 9, 14, 12], "texture": "#0"},
				"west": {"uv": [12, 9, 13, 12], "texture": "#0"},
				"up": {"uv": [12, 8, 11, 9], "texture": "#0"},
				"down": {"uv": [12, 8, 13, 9], "texture": "#0"}
			}
		},
		{
			"from": [4, 1, 11],
			"to": [6, 7, 13],
			"rotation": {"angle": -22.5, "axis": "x", "origin": [0, 0, 0]},
			"faces": {
				"north": {"uv": [9, 13, 10, 16], "texture": "#0"},
				"east": {"uv": [8, 13, 9, 16], "texture": "#0"},
				"south": {"uv": [11, 13, 12, 16], "texture": "#0"},
				"west": {"uv": [10, 13, 11, 16], "texture": "#0"},
				"up": {"uv": [10, 12, 9, 13], "texture": "#0"},
				"down": {"uv": [12, 4, 13, 5], "texture": "#0"}
			}
		},
		{
			"from": [3.9, 0.9, 10.9],
			"to": [6.1, 7.1, 13.2],
			"rotation": {"angle": -22.5, "axis": "x", "origin": [0, 0, 0]},
			"faces": {
				"north": {"uv": [13, 13, 14, 16], "texture": "#0"},
				"east": {"uv": [12, 13, 13, 16], "texture": "#0"},
				"south": {"uv": [15, 13, 16, 16], "texture": "#0"},
				"west": {"uv": [14, 13, 15, 16], "texture": "#0"},
				"up": {"uv": [14, 12, 13, 13], "texture": "#0"},
				"down": {"uv": [12, 8, 13, 9], "texture": "#0"}
			}
		},
		{
			"from": [6, 11, 7],
			"to": [10, 15, 11],
			"faces": {
				"north": {"uv": [2, 2, 4, 4], "texture": "#0"},
				"east": {"uv": [0, 2, 2, 4], "texture": "#0"},
				"south": {"uv": [6, 2, 8, 4], "texture": "#0"},
				"west": {"uv": [4, 2, 6, 4], "texture": "#0"},
				"up": {"uv": [2, 0, 4, 2], "texture": "#0"},
				"down": {"uv": [4, 0, 6, 2], "texture": "#0"}
			}
		},
		{
			"from": [5.8, 10.8, 6.8],
			"to": [10.2, 15.2, 11.2],
			"faces": {
				"north": {"uv": [10, 2, 12, 4], "texture": "#0"},
				"east": {"uv": [8, 2, 10, 4], "texture": "#0"},
				"south": {"uv": [14, 2, 16, 4], "texture": "#0"},
				"west": {"uv": [12, 2, 14, 4], "texture": "#0"},
				"up": {"uv": [12, 2, 10, 0], "texture": "#0"},
				"down": {"uv": [12, 0, 14, 2], "texture": "#0"}
			}
		},
		{
			"from": [5.9, 7.9, 2.9],
			"to": [10.1, 14.1, 5.1],
			"rotation": {"angle": 22.5, "axis": "x", "origin": [0, 0, 0]},
			"faces": {
				"north": {"uv": [4.75, 9, 7.25, 12], "texture": "#0"},
				"east": {"uv": [4, 9, 5, 12], "texture": "#0"},
				"south": {"uv": [8, 9, 10, 12], "texture": "#0"},
				"west": {"uv": [7.25, 9, 8.25, 12], "texture": "#0"},
				"up": {"uv": [5, 8, 7, 9], "texture": "#0"},
				"down": {"uv": [7, 8, 9, 9], "texture": "#0"}
			}
		},
		{
			"from": [6, 8, 3],
			"to": [10, 14, 5],
			"rotation": {"angle": 22.5, "axis": "x", "origin": [0, 0, 0]},
			"faces": {
				"north": {"uv": [5, 5, 7, 8], "texture": "#0"},
				"east": {"uv": [4, 5, 5, 8], "texture": "#0"},
				"south": {"uv": [8, 5, 10, 8], "texture": "#0"},
				"west": {"uv": [7, 5, 8, 8], "texture": "#0"},
				"up": {"uv": [7, 5, 5, 4], "texture": "#0"},
				"down": {"uv": [7, 5, 9, 4], "texture": "#0"}
			}
		}
	],
	"gui_light": "front",
	"display": {
		"thirdperson_righthand": {
			"rotation": [4, -2, -2],
			"translation": [0, 1.25, 1.5],
			"scale": [0.55, 0.55, 0.55]
		},
		"thirdperson_lefthand": {
			"rotation": [4, 6, 0],
			"translation": [0, 1, 0.5],
			"scale": [0.55, 0.55, 0.55]
		},
		"firstperson_righthand": {
			"rotation": [-5, 111, 0],
			"translation": [8.25, -1, -3],
			"scale": [0.55, 0.55, 0.55]
		},
		"firstperson_lefthand": {
			"rotation": [3, 127, 0],
			"translation": [8, -0.25, -3],
			"scale": [0.55, 0.55, 0.55]
		},
		"ground": {
			"translation": [0, 2, 0],
			"scale": [0.55, 0.55, 0.55]
		},
		"gui": {
			"rotation": [26, 159, 0],
			"translation": [0.75, -0.75, 0]
		},
		"head": {
			"translation": [0, 9.25, 1]
		},
		"fixed": {
			"rotation": [-90, 0, 0],
			"translation": [0, 4, -5.75],
			"scale": [2.5, 2.5, 2.5]
		}
	},
	"groups": [
		{
			"name": "group",
			"origin": [0, 0, 0],
			"color": 0,
			"children": [0, 1]
		},
		{
			"name": "group",
			"origin": [0, 0, 0],
			"color": 0,
			"children": [2, 3]
		},
		{
			"name": "group",
			"origin": [0, 0, 0],
			"color": 0,
			"children": [4, 5]
		},
		{
			"name": "group",
			"origin": [0, 0, 0],
			"color": 0,
			"children": [6, 7]
		},
		{
			"name": "group",
			"origin": [0, 0, 0],
			"color": 0,
			"children": [8, 9]
		},
		{
			"name": "group",
			"origin": [0, 0, 0],
			"color": 0,
			"children": [10, 11]
		}
	]
}