{
	"credit": "PhantomExitus",
	"texture_size": [512, 512],
	"textures": {
		"0": "./familienfoto",
		"particle": "./familienfoto"
	},
	"elements": [
		{
			"from": [0, 0, 8],
			"to": [16, 16, 9],
			"faces": {
				"north": {"uv": [0, 0, 16, 16], "texture": "#0"},
				"east": {"uv": [0, 0, 1, 16], "texture": "#0"},
				"south": {"uv": [0, 0, 16, 16], "texture": "#0"},
				"west": {"uv": [15, 0, 16, 16], "texture": "#0"},
				"up": {"uv": [0, 0, 16, 1], "texture": "#0"},
				"down": {"uv": [0, 15, 16, 16], "texture": "#0"}
			}
		}
	],
	"display": {
		"thirdperson_righthand": {
			"scale": [0.45, 0.45, 0.45]
		},
		"thirdperson_lefthand": {
			"scale": [0.45, 0.45, 0.45]
		},
		"firstperson_righthand": {
			"translation": [3.25, 2, 0],
			"scale": [0.45, 0.45, 0.45]
		},
		"firstperson_lefthand": {
			"translation": [3.25, 2, 0],
			"scale": [0.45, 0.45, 0.45]
		},
		"ground": {
			"translation": [0, 5.5, 0]
		},
		"gui": {
			"rotation": [0, 0, 9],
			"scale": [0.85, 0.85, 0.85]
		},
		"head": {
			"translation": [0, 0, -7.5]
		},
		"fixed": {
			"translation": [0, 0, -0.5],
			"scale": [2.75, 2.75, 2.75]
		}
	}
}