{
  "variants": {
    "axis=y": [ {
      "model": "minecraft:block/cherry_log_y" }, { "model": "minecraft:block/cherry_log_y" }, { "model": "minecraft:block/cherry_log_y" }, { "model": "minecraft:block/cherry_log_y" }, { "model": "minecraft:block/cherry_log_y" }, { "model": "minecraft:block/cherry_log_y" }, { "model": "minecraft:block/cherry_log_y" }, { "model": "minecraft:block/cherry_log_y" }, { "model": "minecraft:block/cherry_log_y" }, { "model": "minecraft:block/cherry_log_y" }, { "model": "minecraft:block/cherry_log_y" }, { "model": "minecraft:block/cherry_log_y" }, { "model": "minecraft:block/cherry_log_y" }, { "model": "minecraft:block/cherry_log_y" }, { "model": "minecraft:block/cherry_log_y" }, { "model": "minecraft:block/cherry_log_y" }, { "model": "minecraft:block/cherry_log_y" }, { "model": "minecraft:block/cherry_log_y" }, { "model": "minecraft:block/cherry_log_y" }, { "model": "minecraft:block/cherry_log_y" }, { "model": "minecraft:block/cherry_log_y" }, { "model": "minecraft:block/cherry_log_y" }, { "model": "minecraft:block/cherry_log_y" }, { "model": "minecraft:block/cherry_log_y" }, { "model": "minecraft:block/cherry_log_y" }, { "model": "minecraft:block/cherry_log_y" }, { "model": "minecraft:block/cherry_log_y" }, { "model": "minecraft:block/cherry_log_y" }, { "model": "minecraft:block/cherry_log_y" }, { "model": "minecraft:block/cherry_log_y" }, { "model": "minecraft:block/cherry_log_y" }, { "model": "minecraft:block/cherry_log_y" }, { "model": "minecraft:block/cherry_log_y" }, { "model": "minecraft:block/cherry_log_y" }, { "model": "minecraft:block/cherry_log_y" }, { "model": "minecraft:block/cherry_log_y" }, { "model": "minecraft:block/cherry_log_y" }, { "model": "minecraft:block/cherry_log_y" }, { "model": "minecraft:block/cherry_log_y" }, { "model": "minecraft:block/cherry_log_y" }, { "model": "minecraft:block/cherry_log_y" }, { "model": "minecraft:block/cherry_log_y" }, { "model": "minecraft:block/cherry_log_y" }, { "model": "minecraft:block/cherry_log_y" }, { "model": "minecraft:block/cherry_log_y" }, { "model": "minecraft:block/cherry_log_y" }, { "model": "minecraft:block/cherry_log_y" }, { "model": "minecraft:block/cherry_log_y" }, { "model": "minecraft:block/cherry_log_y" }, { "model": "minecraft:block/cherry_log_y" }, { "model": "minecraft:block/cherry_log_y" }, { "model": "minecraft:block/cherry_log_y" }, { "model": "minecraft:block/cherry_log_y" }, { "model": "minecraft:block/cherry_log_y" }, { "model": "minecraft:block/cherry_log_y" }, { "model": "minecraft:block/cherry_log_y" }, { "model": "minecraft:block/cherry_log_y" }, { "model": "minecraft:block/cherry_log_y" }, { "model": "minecraft:block/cherry_log_y" }, { "model": "minecraft:block/cherry_log_y" }, { "model": "minecraft:block/cherry_log_y" }, { "model": "minecraft:block/cherry_log_y" }, { "model": "minecraft:block/cherry_log_y" }, { "model": "minecraft:block/cherry_log_y" }, { "model": "minecraft:block/cherry_log_y" }, { "model": "minecraft:block/cherry_log_y" }, { "model": "minecraft:block/cherry_log_y" }, { "model": "minecraft:block/cherry_log_y" }, { "model": "minecraft:block/cherry_log_y" }, { "model": "minecraft:block/cherry_log_y" }, { "model": "minecraft:block/cherry_log_y" }, { "model": "minecraft:block/cherry_log_y" }, { "model": "minecraft:block/cherry_log_y" }, { "model": "minecraft:block/cherry_log_y" }, { "model": "minecraft:block/cherry_log_y" }, { "model": "minecraft:block/cherry_log_y" }, { "model": "minecraft:block/cherry_log_y" }, { "model": "minecraft:block/cherry_log_y" }, { "model": "minecraft:block/cherry_log_y" }, { "model": "minecraft:block/cherry_log_y" }, { "model": "minecraft:block/cherry_log_y" }, { "model": "minecraft:block/cherry_log_y" }, { "model": "minecraft:block/cherry_log_y" }, { "model": "minecraft:block/cherry_log_y" }, { "model": "minecraft:block/cherry_log_y" }, { "model": "minecraft:block/cherry_log_y" }, { "model": "minecraft:block/cherry_log_y" }, { "model": "minecraft:block/cherry_log_y" }, { "model": "minecraft:block/cherry_log_y" }, { "model": "minecraft:block/cherry_log_y" }, { "model": "minecraft:block/cherry_log_y" }, { "model": "minecraft:block/cherry_log_y" }, { "model": "minecraft:block/cherry_log_y" }, { "model": "minecraft:block/cherry_log_y" }, { "model": "minecraft:block/cherry_log_y" }, { "model": "minecraft:block/cherry_log_y" }, { "model": "minecraft:block/cherry_log_y" }, { "model": "minecraft:block/cherry_log_y" }, { "model": "minecraft:block/cherry_log_y" }, { "model": "minecraft:block/cherry_log_y" }, { "model": "minecraft:block/cherry_log_y" }, { "model": "minecraft:block/cherry_log_y" }, { "model": "minecraft:block/cherry_log_y" }, { "model": "minecraft:block/cherry_log_y" }, { "model": "minecraft:block/cherry_log_y" }, { "model": "minecraft:block/cherry_log_y" }, { "model": "minecraft:block/cherry_log_y" }, { "model": "minecraft:block/cherry_log_y" }, { "model": "minecraft:block/cherry_log_y" }, { "model": "minecraft:block/cherry_log_y" }, { "model": "minecraft:block/cherry_log_y" }, { "model": "minecraft:block/cherry_log_y" }, { "model": "minecraft:block/cherry_log_y" }, { "model": "minecraft:block/cherry_log_y" }, { "model": "minecraft:block/cherry_log_y" }, { "model": "minecraft:block/cherry_log_y" }, { "model": "minecraft:block/cherry_log_y" }, { "model": "minecraft:block/cherry_log_y" }, { "model": "minecraft:block/cherry_log_y" }, { "model": "minecraft:block/cherry_log_y" }, { "model": "minecraft:block/cherry_log_y" }, { "model": "minecraft:block/cherry_log_y" }, { "model": "minecraft:block/cherry_log_y" }, { "model": "minecraft:block/cherry_log_y" }, { "model": "minecraft:block/cherry_log_y" }, { "model": "minecraft:block/cherry_log_y" }, { "model": "minecraft:block/cherry_log_y" }, { "model": "minecraft:block/cherry_log_y" }, { "model": "minecraft:block/cherry_log_y" }, { "model": "minecraft:block/cherry_log_y" }, { "model": "minecraft:block/cherry_log_y" }, { "model": "minecraft:block/cherry_log_y" }, { "model": "minecraft:block/cherry_log_y" }, { "model": "minecraft:block/cherry_log_y" }, { "model": "minecraft:block/cherry_log_y" }, { "model": "minecraft:block/cherry_log_y" }, { "model": "minecraft:block/cherry_log_y" }, { "model": "minecraft:block/cherry_log_y" }, { "model": "minecraft:block/cherry_log_y" }, { "model": "minecraft:block/cherry_log_y" }, { "model": "minecraft:block/cherry_log_y" }, { "model": "minecraft:block/cherry_log_y" }, { "model": "minecraft:block/cherry_log_y" }, { "model": "minecraft:block/cherry_log_y" }, { "model": "minecraft:block/cherry_log_y" }, { "model": "minecraft:block/cherry_log_y" }, { "model": "minecraft:block/cherry_log_y" }, { "model": "minecraft:block/cherry_log_y" }, { "model": "minecraft:block/cherry_log_y" }, { "model": "minecraft:block/cherry_log_y" }, { "model": "minecraft:block/cherry_log_y" }, { "model": "minecraft:block/cherry_log_y" }, { "model": "minecraft:block/cherry_log_y" }, { "model": "minecraft:block/cherry_log_y" }, { "model": "minecraft:block/cherry_log_y" }, { "model": "minecraft:block/cherry_log_y" }, { "model": "minecraft:block/cherry_log_y" }, { "model": "minecraft:block/cherry_log_y" }, { "model": "minecraft:block/cherry_log_y" }, { "model": "minecraft:block/cherry_log_y" }, { "model": "minecraft:block/cherry_log_y" }, { "model": "minecraft:block/cherry_log_y" }, { "model": "minecraft:block/cherry_log_y" }, { "model": "minecraft:block/cherry_log_y" }, { "model": "minecraft:block/cherry_log_y" }, { "model": "minecraft:block/cherry_log_y" }, { "model": "minecraft:block/cherry_log_y" }, { "model": "minecraft:block/cherry_log_y" }, { "model": "minecraft:block/cherry_log_y" }, { "model": "minecraft:block/cherry_log_y" }, { "model": "minecraft:block/cherry_log_y" }, { "model": "minecraft:block/cherry_log_y" }, { "model": "minecraft:block/cherry_log_y" }, { "model": "minecraft:block/cherry_log_y" }, { "model": "minecraft:block/cherry_log_y" }, { "model": "minecraft:block/cherry_log_y" }, { "model": "minecraft:block/cherry_log_y" }, { "model": "minecraft:block/cherry_log_y" }, { "model": "minecraft:block/cherry_log_y" }, { "model": "minecraft:block/cherry_log_y" }, { "model": "minecraft:block/cherry_log_y" }, { "model": "minecraft:block/cherry_log_y" }, { "model": "minecraft:block/cherry_log_y" }, { "model": "minecraft:block/cherry_log_y" }, { "model": "minecraft:block/cherry_log_y" }, { "model": "minecraft:block/cherry_log_y" }, { "model": "minecraft:block/cherry_log_y" }, { "model": "minecraft:block/cherry_log_y" }, { "model": "minecraft:block/cherry_log_y" }, { "model": "minecraft:block/cherry_log_y" }, { "model": "minecraft:block/cherry_log_y" }, { "model": "minecraft:block/cherry_log_y" }, { "model": "minecraft:block/cherry_log_y" }, { "model": "minecraft:block/cherry_log_y" }, { "model": "block/cherry_log/cherry_log_y1" }, { "model": "block/cherry_log/cherry_log_y2" } ]
  }
}