{
  "variants": {
    "axis=y": [ {
      "model": "minecraft:block/stripped_cherry_log_y" }, { "model": "minecraft:block/stripped_cherry_log_y" }, { "model": "minecraft:block/stripped_cherry_log_y" }, { "model": "minecraft:block/stripped_cherry_log_y" }, { "model": "minecraft:block/stripped_cherry_log_y" }, { "model": "minecraft:block/stripped_cherry_log_y" }, { "model": "minecraft:block/stripped_cherry_log_y" }, { "model": "minecraft:block/stripped_cherry_log_y" }, { "model": "minecraft:block/stripped_cherry_log_y" }, { "model": "minecraft:block/stripped_cherry_log_y" }, { "model": "minecraft:block/stripped_cherry_log_y" }, { "model": "minecraft:block/stripped_cherry_log_y" }, { "model": "minecraft:block/stripped_cherry_log_y" }, { "model": "minecraft:block/stripped_cherry_log_y" }, { "model": "minecraft:block/stripped_cherry_log_y" }, { "model": "minecraft:block/stripped_cherry_log_y" }, { "model": "minecraft:block/stripped_cherry_log_y" }, { "model": "minecraft:block/stripped_cherry_log_y" }, { "model": "minecraft:block/stripped_cherry_log_y" }, { "model": "minecraft:block/stripped_cherry_log_y" }, { "model": "minecraft:block/stripped_cherry_log_y" }, { "model": "minecraft:block/stripped_cherry_log_y" }, { "model": "minecraft:block/stripped_cherry_log_y" }, { "model": "minecraft:block/stripped_cherry_log_y" }, { "model": "minecraft:block/stripped_cherry_log_y" }, { "model": "minecraft:block/stripped_cherry_log_y" }, { "model": "minecraft:block/stripped_cherry_log_y" }, { "model": "minecraft:block/stripped_cherry_log_y" }, { "model": "minecraft:block/stripped_cherry_log_y" }, { "model": "minecraft:block/stripped_cherry_log_y" }, { "model": "minecraft:block/stripped_cherry_log_y" }, { "model": "minecraft:block/stripped_cherry_log_y" }, { "model": "minecraft:block/stripped_cherry_log_y" }, { "model": "minecraft:block/stripped_cherry_log_y" }, { "model": "minecraft:block/stripped_cherry_log_y" }, { "model": "minecraft:block/stripped_cherry_log_y" }, { "model": "minecraft:block/stripped_cherry_log_y" }, { "model": "minecraft:block/stripped_cherry_log_y" }, { "model": "minecraft:block/stripped_cherry_log_y" }, { "model": "minecraft:block/stripped_cherry_log_y" }, { "model": "minecraft:block/stripped_cherry_log_y" }, { "model": "minecraft:block/stripped_cherry_log_y" }, { "model": "minecraft:block/stripped_cherry_log_y" }, { "model": "minecraft:block/stripped_cherry_log_y" }, { "model": "minecraft:block/stripped_cherry_log_y" }, { "model": "minecraft:block/stripped_cherry_log_y" }, { "model": "minecraft:block/stripped_cherry_log_y" }, { "model": "minecraft:block/stripped_cherry_log_y" }, { "model": "minecraft:block/stripped_cherry_log_y" }, { "model": "minecraft:block/stripped_cherry_log_y" }, { "model": "minecraft:block/stripped_cherry_log_y" }, { "model": "minecraft:block/stripped_cherry_log_y" }, { "model": "minecraft:block/stripped_cherry_log_y" }, { "model": "minecraft:block/stripped_cherry_log_y" }, { "model": "minecraft:block/stripped_cherry_log_y" }, { "model": "minecraft:block/stripped_cherry_log_y" }, { "model": "minecraft:block/stripped_cherry_log_y" }, { "model": "minecraft:block/stripped_cherry_log_y" }, { "model": "minecraft:block/stripped_cherry_log_y" }, { "model": "minecraft:block/stripped_cherry_log_y" }, { "model": "minecraft:block/stripped_cherry_log_y" }, { "model": "minecraft:block/stripped_cherry_log_y" }, { "model": "minecraft:block/stripped_cherry_log_y" }, { "model": "minecraft:block/stripped_cherry_log_y" }, { "model": "minecraft:block/stripped_cherry_log_y" }, { "model": "minecraft:block/stripped_cherry_log_y" }, { "model": "minecraft:block/stripped_cherry_log_y" }, { "model": "minecraft:block/stripped_cherry_log_y" }, { "model": "minecraft:block/stripped_cherry_log_y" }, { "model": "minecraft:block/stripped_cherry_log_y" }, { "model": "minecraft:block/stripped_cherry_log_y" }, { "model": "minecraft:block/stripped_cherry_log_y" }, { "model": "minecraft:block/stripped_cherry_log_y" }, { "model": "minecraft:block/stripped_cherry_log_y" }, { "model": "minecraft:block/stripped_cherry_log_y" }, { "model": "minecraft:block/stripped_cherry_log_y" }, { "model": "minecraft:block/stripped_cherry_log_y" }, { "model": "minecraft:block/stripped_cherry_log_y" }, { "model": "minecraft:block/stripped_cherry_log_y" }, { "model": "minecraft:block/stripped_cherry_log_y" }, { "model": "minecraft:block/stripped_cherry_log_y" }, { "model": "minecraft:block/stripped_cherry_log_y" }, { "model": "minecraft:block/stripped_cherry_log_y" }, { "model": "minecraft:block/stripped_cherry_log_y" }, { "model": "minecraft:block/stripped_cherry_log_y" }, { "model": "minecraft:block/stripped_cherry_log_y" }, { "model": "minecraft:block/stripped_cherry_log_y" }, { "model": "minecraft:block/stripped_cherry_log_y" }, { "model": "minecraft:block/stripped_cherry_log_y" }, { "model": "minecraft:block/stripped_cherry_log_y" }, { "model": "minecraft:block/stripped_cherry_log_y" }, { "model": "minecraft:block/stripped_cherry_log_y" }, { "model": "minecraft:block/stripped_cherry_log_y" }, { "model": "minecraft:block/stripped_cherry_log_y" }, { "model": "minecraft:block/stripped_cherry_log_y" }, { "model": "minecraft:block/stripped_cherry_log_y" }, { "model": "minecraft:block/stripped_cherry_log_y" }, { "model": "minecraft:block/stripped_cherry_log_y" }, { "model": "minecraft:block/stripped_cherry_log_y" }, { "model": "minecraft:block/stripped_cherry_log_y" }, { "model": "minecraft:block/stripped_cherry_log_y" }, { "model": "minecraft:block/stripped_cherry_log_y" }, { "model": "minecraft:block/stripped_cherry_log_y" }, { "model": "minecraft:block/stripped_cherry_log_y" }, { "model": "minecraft:block/stripped_cherry_log_y" }, { "model": "minecraft:block/stripped_cherry_log_y" }, { "model": "minecraft:block/stripped_cherry_log_y" }, { "model": "minecraft:block/stripped_cherry_log_y" }, { "model": "minecraft:block/stripped_cherry_log_y" }, { "model": "minecraft:block/stripped_cherry_log_y" }, { "model": "minecraft:block/stripped_cherry_log_y" }, { "model": "minecraft:block/stripped_cherry_log_y" }, { "model": "minecraft:block/stripped_cherry_log_y" }, { "model": "minecraft:block/stripped_cherry_log_y" }, { "model": "minecraft:block/stripped_cherry_log_y" }, { "model": "minecraft:block/stripped_cherry_log_y" }, { "model": "minecraft:block/stripped_cherry_log_y" }, { "model": "minecraft:block/stripped_cherry_log_y" }, { "model": "minecraft:block/stripped_cherry_log_y" }, { "model": "minecraft:block/stripped_cherry_log_y" }, { "model": "minecraft:block/stripped_cherry_log_y" }, { "model": "minecraft:block/stripped_cherry_log_y" }, { "model": "minecraft:block/stripped_cherry_log_y" }, { "model": "minecraft:block/stripped_cherry_log_y" }, { "model": "minecraft:block/stripped_cherry_log_y" }, { "model": "minecraft:block/stripped_cherry_log_y" }, { "model": "minecraft:block/stripped_cherry_log_y" }, { "model": "minecraft:block/stripped_cherry_log_y" }, { "model": "minecraft:block/stripped_cherry_log_y" }, { "model": "minecraft:block/stripped_cherry_log_y" }, { "model": "minecraft:block/stripped_cherry_log_y" }, { "model": "minecraft:block/stripped_cherry_log_y" }, { "model": "minecraft:block/stripped_cherry_log_y" }, { "model": "minecraft:block/stripped_cherry_log_y" }, { "model": "minecraft:block/stripped_cherry_log_y" }, { "model": "minecraft:block/stripped_cherry_log_y" }, { "model": "minecraft:block/stripped_cherry_log_y" }, { "model": "minecraft:block/stripped_cherry_log_y" }, { "model": "minecraft:block/stripped_cherry_log_y" }, { "model": "minecraft:block/stripped_cherry_log_y" }, { "model": "minecraft:block/stripped_cherry_log_y" }, { "model": "minecraft:block/stripped_cherry_log_y" }, { "model": "minecraft:block/stripped_cherry_log_y" }, { "model": "minecraft:block/stripped_cherry_log_y" }, { "model": "minecraft:block/stripped_cherry_log_y" }, { "model": "minecraft:block/stripped_cherry_log_y" }, { "model": "minecraft:block/stripped_cherry_log_y" }, { "model": "minecraft:block/stripped_cherry_log_y" }, { "model": "minecraft:block/stripped_cherry_log_y" }, { "model": "minecraft:block/stripped_cherry_log_y" }, { "model": "minecraft:block/stripped_cherry_log_y" }, { "model": "minecraft:block/stripped_cherry_log_y" }, { "model": "minecraft:block/stripped_cherry_log_y" }, { "model": "minecraft:block/stripped_cherry_log_y" }, { "model": "minecraft:block/stripped_cherry_log_y" }, { "model": "minecraft:block/stripped_cherry_log_y" }, { "model": "minecraft:block/stripped_cherry_log_y" }, { "model": "minecraft:block/stripped_cherry_log_y" }, { "model": "minecraft:block/stripped_cherry_log_y" }, { "model": "block/stripped_cherry_log/stripped_cherry_log_y1" } ]
  }
}