{
	"credit": "PhantomExitus",
	"textures": {
		"layer0": "./gehstock"
	},
	"elements": [
		{
			"from": [10, 6, 8],
			"to": [11, 7, 9],
			"rotation": {"angle": 45, "axis": "z", "origin": [0, 0, 0]},
			"faces": {
				"north": {"uv": [6, 2, 7, 3], "texture": "#layer0"},
				"east": {"uv": [7, 2, 6, 3], "texture": "#layer0"},
				"south": {"uv": [6, 2, 7, 3], "texture": "#layer0"},
				"west": {"uv": [6, 2, 7, 3], "texture": "#layer0"},
				"up": {"uv": [6, 2, 7, 3], "texture": "#layer0"},
				"down": {"uv": [6, 2, 7, 3], "texture": "#layer0"}
			}
		},
		{
			"from": [11, 5, 8],
			"to": [14, 8, 9],
			"rotation": {"angle": 45, "axis": "z", "origin": [0, 0, 0]},
			"faces": {
				"north": {"uv": [10, 1, 7, 4], "texture": "#layer0"},
				"east": {"uv": [10, 1, 9, 4], "texture": "#layer0"},
				"south": {"uv": [7, 1, 10, 4], "texture": "#layer0"},
				"west": {"uv": [7, 1, 8, 4], "texture": "#layer0"},
				"up": {"uv": [7, 1, 10, 2], "texture": "#layer0"},
				"down": {"uv": [7, 3, 10, 4], "texture": "#layer0"}
			}
		},
		{
			"from": [14, 2, 8],
			"to": [17, 6, 9],
			"rotation": {"angle": 45, "axis": "z", "origin": [0, 0, 0]},
			"faces": {
				"north": {"uv": [13, 3, 10, 7], "texture": "#layer0"},
				"east": {"uv": [13, 3, 12, 7], "texture": "#layer0"},
				"south": {"uv": [10, 3, 13, 7], "texture": "#layer0"},
				"west": {"uv": [10, 3, 11, 7], "texture": "#layer0"},
				"up": {"uv": [10, 3, 13, 4], "texture": "#layer0"},
				"down": {"uv": [10, 6, 13, 7], "texture": "#layer0"}
			}
		},
		{
			"from": [14, 6, 8],
			"to": [15, 7, 9],
			"rotation": {"angle": 45, "axis": "z", "origin": [0, 0, 0]},
			"faces": {
				"north": {"uv": [10, 2, 11, 3], "texture": "#layer0"},
				"east": {"uv": [11, 2, 10, 3], "texture": "#layer0"},
				"south": {"uv": [10, 2, 11, 3], "texture": "#layer0"},
				"west": {"uv": [10, 2, 11, 3], "texture": "#layer0"},
				"up": {"uv": [10, 2, 11, 3], "texture": "#layer0"},
				"down": {"uv": [10, 2, 11, 3], "texture": "#layer0"}
			}
		},
		{
			"from": [13, 4, 8],
			"to": [14, 5, 9],
			"rotation": {"angle": 45, "axis": "z", "origin": [0, 0, 0]},
			"faces": {
				"north": {"uv": [9, 4, 10, 5], "texture": "#layer0"},
				"east": {"uv": [10, 4, 9, 5], "texture": "#layer0"},
				"south": {"uv": [9, 4, 10, 5], "texture": "#layer0"},
				"west": {"uv": [9, 4, 10, 5], "texture": "#layer0"},
				"up": {"uv": [9, 4, 10, 5], "texture": "#layer0"},
				"down": {"uv": [9, 4, 10, 5], "texture": "#layer0"}
			}
		},
		{
			"from": [17, 4, 8],
			"to": [18, 5, 9],
			"rotation": {"angle": 45, "axis": "z", "origin": [0, 0, 0]},
			"faces": {
				"north": {"uv": [13, 4, 14, 5], "texture": "#layer0"},
				"east": {"uv": [14, 4, 13, 5], "texture": "#layer0"},
				"south": {"uv": [13, 4, 14, 5], "texture": "#layer0"},
				"west": {"uv": [13, 4, 14, 5], "texture": "#layer0"},
				"up": {"uv": [13, 4, 14, 5], "texture": "#layer0"},
				"down": {"uv": [13, 4, 14, 5], "texture": "#layer0"}
			}
		},
		{
			"from": [17, 3, 8],
			"to": [18, 4, 9],
			"rotation": {"angle": 45, "axis": "z", "origin": [0, 0, 0]},
			"faces": {
				"north": {"uv": [13, 5, 14, 6], "texture": "#layer0"},
				"east": {"uv": [14, 5, 13, 6], "texture": "#layer0"},
				"south": {"uv": [13, 5, 14, 6], "texture": "#layer0"},
				"west": {"uv": [13, 5, 14, 6], "texture": "#layer0"},
				"up": {"uv": [13, 5, 14, 6], "texture": "#layer0"},
				"down": {"uv": [13, 5, 14, 6], "texture": "#layer0"}
			}
		},
		{
			"from": [13, 2, 8],
			"to": [14, 3, 9],
			"rotation": {"angle": 45, "axis": "z", "origin": [0, 0, 0]},
			"faces": {
				"north": {"uv": [9, 6, 10, 7], "texture": "#layer0"},
				"east": {"uv": [10, 6, 9, 7], "texture": "#layer0"},
				"south": {"uv": [9, 6, 10, 7], "texture": "#layer0"},
				"west": {"uv": [9, 6, 10, 7], "texture": "#layer0"},
				"up": {"uv": [9, 6, 10, 7], "texture": "#layer0"},
				"down": {"uv": [9, 6, 10, 7], "texture": "#layer0"}
			}
		},
		{
			"from": [14, 1, 8],
			"to": [15, 2, 9],
			"rotation": {"angle": 45, "axis": "z", "origin": [0, 0, 0]},
			"faces": {
				"north": {"uv": [10, 7, 11, 8], "texture": "#layer0"},
				"east": {"uv": [11, 7, 10, 8], "texture": "#layer0"},
				"south": {"uv": [10, 7, 11, 8], "texture": "#layer0"},
				"west": {"uv": [10, 7, 11, 8], "texture": "#layer0"},
				"up": {"uv": [10, 7, 11, 8], "texture": "#layer0"},
				"down": {"uv": [10, 7, 11, 8], "texture": "#layer0"}
			}
		},
		{
			"from": [12, 0, 8],
			"to": [14, 2, 9],
			"rotation": {"angle": 45, "axis": "z", "origin": [0, 0, 0]},
			"faces": {
				"north": {"uv": [10, 7, 8, 9], "texture": "#layer0"},
				"east": {"uv": [10, 7, 9, 9], "texture": "#layer0"},
				"south": {"uv": [8, 7, 10, 9], "texture": "#layer0"},
				"west": {"uv": [8, 7, 9, 9], "texture": "#layer0"},
				"up": {"uv": [8, 7, 10, 8], "texture": "#layer0"},
				"down": {"uv": [8, 8, 10, 9], "texture": "#layer0"}
			}
		},
		{
			"from": [10, -2, 8],
			"to": [12, 0, 9],
			"rotation": {"angle": 45, "axis": "z", "origin": [0, 0, 0]},
			"faces": {
				"north": {"uv": [8, 9, 6, 11], "texture": "#layer0"},
				"east": {"uv": [8, 9, 7, 11], "texture": "#layer0"},
				"south": {"uv": [6, 9, 8, 11], "texture": "#layer0"},
				"west": {"uv": [6, 9, 7, 11], "texture": "#layer0"},
				"up": {"uv": [6, 9, 8, 10], "texture": "#layer0"},
				"down": {"uv": [6, 10, 8, 11], "texture": "#layer0"}
			}
		},
		{
			"from": [11, 0, 8],
			"to": [12, 1, 9],
			"rotation": {"angle": 45, "axis": "z", "origin": [0, 0, 0]},
			"faces": {
				"north": {"uv": [7, 8, 8, 9], "texture": "#layer0"},
				"east": {"uv": [8, 8, 7, 9], "texture": "#layer0"},
				"south": {"uv": [7, 8, 8, 9], "texture": "#layer0"},
				"west": {"uv": [7, 8, 8, 9], "texture": "#layer0"},
				"up": {"uv": [7, 8, 8, 9], "texture": "#layer0"},
				"down": {"uv": [7, 8, 8, 9], "texture": "#layer0"}
			}
		},
		{
			"from": [12, -1, 8],
			"to": [13, 0, 9],
			"rotation": {"angle": 45, "axis": "z", "origin": [0, 0, 0]},
			"faces": {
				"north": {"uv": [8, 9, 9, 10], "texture": "#layer0"},
				"east": {"uv": [9, 9, 8, 10], "texture": "#layer0"},
				"south": {"uv": [8, 9, 9, 10], "texture": "#layer0"},
				"west": {"uv": [8, 9, 9, 10], "texture": "#layer0"},
				"up": {"uv": [8, 9, 9, 10], "texture": "#layer0"},
				"down": {"uv": [8, 9, 9, 10], "texture": "#layer0"}
			}
		},
		{
			"from": [9, -2, 8],
			"to": [10, -1, 9],
			"rotation": {"angle": 45, "axis": "z", "origin": [0, 0, 0]},
			"faces": {
				"north": {"uv": [5, 10, 6, 11], "texture": "#layer0"},
				"east": {"uv": [6, 10, 5, 11], "texture": "#layer0"},
				"south": {"uv": [6, 11, 5, 10], "texture": "#layer0"},
				"west": {"uv": [5, 10, 6, 11], "texture": "#layer0"},
				"up": {"uv": [5, 10, 6, 11], "texture": "#layer0"},
				"down": {"uv": [5, 10, 6, 11], "texture": "#layer0"}
			}
		},
		{
			"from": [8, -4, 8],
			"to": [10, -2, 9],
			"rotation": {"angle": 45, "axis": "z", "origin": [0, 0, 0]},
			"faces": {
				"north": {"uv": [6, 11, 4, 13], "texture": "#layer0"},
				"east": {"uv": [6, 11, 5, 13], "texture": "#layer0"},
				"south": {"uv": [4, 11, 6, 13], "texture": "#layer0"},
				"west": {"uv": [4, 11, 5, 13], "texture": "#layer0"},
				"up": {"uv": [4, 11, 6, 12], "texture": "#layer0"},
				"down": {"uv": [4, 12, 6, 13], "texture": "#layer0"}
			}
		},
		{
			"from": [10, -3, 8],
			"to": [11, -2, 9],
			"rotation": {"angle": 45, "axis": "z", "origin": [0, 0, 0]},
			"faces": {
				"north": {"uv": [6, 11, 7, 12], "texture": "#layer0"},
				"east": {"uv": [7, 11, 6, 12], "texture": "#layer0"},
				"south": {"uv": [6, 11, 7, 12], "texture": "#layer0"},
				"west": {"uv": [6, 11, 7, 12], "texture": "#layer0"},
				"up": {"uv": [6, 11, 7, 12], "texture": "#layer0"},
				"down": {"uv": [6, 11, 7, 12], "texture": "#layer0"}
			}
		},
		{
			"from": [7, -4, 8],
			"to": [8, -3, 9],
			"rotation": {"angle": 45, "axis": "z", "origin": [0, 0, 0]},
			"faces": {
				"north": {"uv": [3, 12, 4, 13], "texture": "#layer0"},
				"east": {"uv": [4, 12, 3, 13], "texture": "#layer0"},
				"south": {"uv": [4, 12, 3, 13], "texture": "#layer0"},
				"west": {"uv": [3, 12, 4, 13], "texture": "#layer0"},
				"up": {"uv": [3, 12, 4, 13], "texture": "#layer0"},
				"down": {"uv": [3, 12, 4, 13], "texture": "#layer0"}
			}
		},
		{
			"from": [6, -6, 8],
			"to": [8, -4, 9],
			"rotation": {"angle": 45, "axis": "z", "origin": [0, 0, 0]},
			"faces": {
				"north": {"uv": [4, 13, 2, 15], "texture": "#layer0"},
				"east": {"uv": [4, 13, 3, 15], "texture": "#layer0"},
				"south": {"uv": [2, 13, 4, 15], "texture": "#layer0"},
				"west": {"uv": [2, 13, 3, 15], "texture": "#layer0"},
				"up": {"uv": [2, 13, 4, 14], "texture": "#layer0"},
				"down": {"uv": [2, 14, 4, 15], "texture": "#layer0"}
			}
		},
		{
			"from": [8, -5, 8],
			"to": [9, -4, 9],
			"rotation": {"angle": 45, "axis": "z", "origin": [0, 0, 0]},
			"faces": {
				"north": {"uv": [4, 13, 5, 14], "texture": "#layer0"},
				"east": {"uv": [5, 13, 4, 14], "texture": "#layer0"},
				"south": {"uv": [4, 13, 5, 14], "texture": "#layer0"},
				"west": {"uv": [4, 13, 5, 14], "texture": "#layer0"},
				"up": {"uv": [4, 13, 5, 14], "texture": "#layer0"},
				"down": {"uv": [4, 13, 5, 14], "texture": "#layer0"}
			}
		}
	],
	"display": {
		"thirdperson_righthand": {
			"rotation": [69, 90, 0],
			"translation": [0, -0.75, -6]
		},
		"thirdperson_lefthand": {
			"rotation": [69, -90, 0],
			"translation": [0, 0.75, -6]
		},
		"firstperson_righthand": {
			"rotation": [0, 90, 0],
			"translation": [8.5, -28, -2.25]
		},
		"firstperson_lefthand": {
			"rotation": [0, -90, 0],
			"translation": [7.75, -6.5, 2.5]
		},
		"ground": {
			"translation": [0, 3.5, 0]
		},
		"gui": {
			"rotation": [36, 140, 0],
			"translation": [0, -1, 0]
		},
		"head": {
			"rotation": [90, 0, 0],
			"translation": [0, 7, 0]
		},
		"fixed": {
			"rotation": [-74, 0, 0],
			"translation": [0, 9.5, -18],
			"scale": [2.5, 2.5, 2.5]
		}
	},
	"groups": [
		{
			"name": "group",
			"origin": [0, 0, 0],
			"color": 0,
			"children": [0, 1, 2, 3, 4, 5, 6, 7, 8, 9, 10, 11, 12, 13, 14, 15, 16, 17, 18]
		}
	]
}