{
	"credit": "PhantomExitus",
	"parent": "paper",
	"texture_size": [32, 32],
	"textures": {
		"0": "./fullhd",
		"particle": "./fullhd"
	},
	"elements": [
		{
			"from": [14, 5, 7],
			"to": [15, 6, 9],
			"faces": {
				"north": {"uv": [14.5, 3, 15, 3.5], "texture": "#0"},
				"east": {"uv": [13, 9.5, 14, 10], "texture": "#0"},
				"south": {"uv": [3.5, 14.5, 4, 15], "texture": "#0"},
				"west": {"uv": [13, 11, 14, 11.5], "texture": "#0"},
				"up": {"uv": [11, 14, 10.5, 13], "texture": "#0"},
				"down": {"uv": [12, 13, 11.5, 14], "texture": "#0"}
			}
		},
		{
			"from": [1, 4, 7],
			"to": [15, 5, 9],
			"faces": {
				"north": {"uv": [7, 4, 14, 4.5], "texture": "#0"},
				"east": {"uv": [13, 11.5, 14, 12], "texture": "#0"},
				"south": {"uv": [7, 4.5, 14, 5], "texture": "#0"},
				"west": {"uv": [13, 12.5, 14, 13], "texture": "#0"},
				"up": {"uv": [7, 5, 0, 4], "texture": "#0"},
				"down": {"uv": [7, 5, 0, 6], "texture": "#0"}
			}
		},
		{
			"from": [1, 5, 7],
			"to": [2, 6, 9],
			"faces": {
				"north": {"uv": [14.5, 3.5, 15, 4], "texture": "#0"},
				"east": {"uv": [13, 13, 14, 13.5], "texture": "#0"},
				"south": {"uv": [4, 14.5, 4.5, 15], "texture": "#0"},
				"west": {"uv": [0, 13.5, 1, 14], "texture": "#0"},
				"up": {"uv": [12.5, 14, 12, 13], "texture": "#0"},
				"down": {"uv": [14, 0, 13.5, 1], "texture": "#0"}
			}
		},
		{
			"from": [3, 3, 7],
			"to": [13, 4, 9],
			"faces": {
				"north": {"uv": [7, 5, 12, 5.5], "texture": "#0"},
				"east": {"uv": [13.5, 1.5, 14.5, 2], "texture": "#0"},
				"south": {"uv": [7, 5.5, 12, 6], "texture": "#0"},
				"west": {"uv": [2, 13.5, 3, 14], "texture": "#0"},
				"up": {"uv": [12, 1, 7, 0], "texture": "#0"},
				"down": {"uv": [12, 1, 7, 2], "texture": "#0"}
			}
		},
		{
			"from": [4, 2, 7],
			"to": [12, 3, 9],
			"faces": {
				"north": {"uv": [7, 6, 11, 6.5], "texture": "#0"},
				"east": {"uv": [13.5, 2, 14.5, 2.5], "texture": "#0"},
				"south": {"uv": [7, 6.5, 11, 7], "texture": "#0"},
				"west": {"uv": [13.5, 2.5, 14.5, 3], "texture": "#0"},
				"up": {"uv": [11, 3, 7, 2], "texture": "#0"},
				"down": {"uv": [11, 3, 7, 4], "texture": "#0"}
			}
		},
		{
			"from": [1, 0, 6],
			"to": [15, 2, 10],
			"faces": {
				"north": {"uv": [0, 6, 7, 7], "texture": "#0"},
				"east": {"uv": [7, 7, 9, 8], "texture": "#0"},
				"south": {"uv": [0, 7, 7, 8], "texture": "#0"},
				"west": {"uv": [0, 8, 2, 9], "texture": "#0"},
				"up": {"uv": [7, 2, 0, 0], "texture": "#0"},
				"down": {"uv": [7, 2, 0, 4], "texture": "#0"}
			}
		},
		{
			"from": [13, 16, 8],
			"to": [14, 17, 10],
			"faces": {
				"north": {"uv": [1, 13.5, 1.5, 14], "texture": "#0"},
				"east": {"uv": [2, 8, 3, 8.5], "texture": "#0"},
				"south": {"uv": [13.5, 3, 14, 3.5], "texture": "#0"},
				"west": {"uv": [3, 8, 4, 8.5], "texture": "#0"},
				"up": {"uv": [4.5, 9, 4, 8], "texture": "#0"},
				"down": {"uv": [5, 8, 4.5, 9], "texture": "#0"}
			}
		},
		{
			"from": [13, 15, 8],
			"to": [14, 16, 10],
			"faces": {
				"north": {"uv": [3.5, 13.5, 4, 14], "texture": "#0"},
				"east": {"uv": [5, 8, 6, 8.5], "texture": "#0"},
				"south": {"uv": [4, 13.5, 4.5, 14], "texture": "#0"},
				"west": {"uv": [6, 8, 7, 8.5], "texture": "#0"},
				"up": {"uv": [7.5, 9, 7, 8], "texture": "#0"},
				"down": {"uv": [8, 8, 7.5, 9], "texture": "#0"}
			}
		},
		{
			"from": [12, 16, 8],
			"to": [13, 17, 10],
			"faces": {
				"north": {"uv": [4.5, 13.5, 5, 14], "texture": "#0"},
				"east": {"uv": [8, 8, 9, 8.5], "texture": "#0"},
				"south": {"uv": [5, 13.5, 5.5, 14], "texture": "#0"},
				"west": {"uv": [2, 8.5, 3, 9], "texture": "#0"},
				"up": {"uv": [3.5, 9.5, 3, 8.5], "texture": "#0"},
				"down": {"uv": [4, 8.5, 3.5, 9.5], "texture": "#0"}
			}
		},
		{
			"from": [12, 14, 8],
			"to": [13, 15, 10],
			"faces": {
				"north": {"uv": [13.5, 5, 14, 5.5], "texture": "#0"},
				"east": {"uv": [5, 8.5, 6, 9], "texture": "#0"},
				"south": {"uv": [13.5, 5.5, 14, 6], "texture": "#0"},
				"west": {"uv": [6, 8.5, 7, 9], "texture": "#0"},
				"up": {"uv": [8.5, 9.5, 8, 8.5], "texture": "#0"},
				"down": {"uv": [9, 8.5, 8.5, 9.5], "texture": "#0"}
			}
		},
		{
			"from": [13, 14, 8],
			"to": [14, 15, 10],
			"faces": {
				"north": {"uv": [6, 13.5, 6.5, 14], "texture": "#0"},
				"east": {"uv": [0, 9, 1, 9.5], "texture": "#0"},
				"south": {"uv": [6.5, 13.5, 7, 14], "texture": "#0"},
				"west": {"uv": [1, 9, 2, 9.5], "texture": "#0"},
				"up": {"uv": [2.5, 10, 2, 9], "texture": "#0"},
				"down": {"uv": [3, 9, 2.5, 10], "texture": "#0"}
			}
		},
		{
			"from": [13, 13, 8],
			"to": [14, 14, 10],
			"faces": {
				"north": {"uv": [13.5, 6.5, 14, 7], "texture": "#0"},
				"east": {"uv": [4, 9, 5, 9.5], "texture": "#0"},
				"south": {"uv": [13.5, 7, 14, 7.5], "texture": "#0"},
				"west": {"uv": [5, 9, 6, 9.5], "texture": "#0"},
				"up": {"uv": [6.5, 10, 6, 9], "texture": "#0"},
				"down": {"uv": [7, 9, 6.5, 10], "texture": "#0"}
			}
		},
		{
			"from": [10, 14, 8],
			"to": [11, 15, 10],
			"faces": {
				"north": {"uv": [7.5, 13.5, 8, 14], "texture": "#0"},
				"east": {"uv": [7, 9, 8, 9.5], "texture": "#0"},
				"south": {"uv": [13.5, 8.5, 14, 9], "texture": "#0"},
				"west": {"uv": [9, 7, 10, 7.5], "texture": "#0"},
				"up": {"uv": [9.5, 8.5, 9, 7.5], "texture": "#0"},
				"down": {"uv": [9.5, 8.5, 9, 9.5], "texture": "#0"}
			}
		},
		{
			"from": [10, 13, 8],
			"to": [11, 14, 10],
			"faces": {
				"north": {"uv": [9, 13.5, 9.5, 14], "texture": "#0"},
				"east": {"uv": [0, 9.5, 1, 10], "texture": "#0"},
				"south": {"uv": [9.5, 13.5, 10, 14], "texture": "#0"},
				"west": {"uv": [1, 9.5, 2, 10], "texture": "#0"},
				"up": {"uv": [3.5, 10.5, 3, 9.5], "texture": "#0"},
				"down": {"uv": [4, 9.5, 3.5, 10.5], "texture": "#0"}
			}
		},
		{
			"from": [10, 12, 8],
			"to": [11, 13, 10],
			"faces": {
				"north": {"uv": [13.5, 10, 14, 10.5], "texture": "#0"},
				"east": {"uv": [4, 9.5, 5, 10], "texture": "#0"},
				"south": {"uv": [13.5, 10.5, 14, 11], "texture": "#0"},
				"west": {"uv": [5, 9.5, 6, 10], "texture": "#0"},
				"up": {"uv": [7.5, 10.5, 7, 9.5], "texture": "#0"},
				"down": {"uv": [8, 9.5, 7.5, 10.5], "texture": "#0"}
			}
		},
		{
			"from": [9, 12, 8],
			"to": [10, 13, 10],
			"faces": {
				"north": {"uv": [11, 13.5, 11.5, 14], "texture": "#0"},
				"east": {"uv": [9.5, 7.5, 10.5, 8], "texture": "#0"},
				"south": {"uv": [13.5, 12, 14, 12.5], "texture": "#0"},
				"west": {"uv": [8, 9.5, 9, 10], "texture": "#0"},
				"up": {"uv": [10, 9, 9.5, 8], "texture": "#0"},
				"down": {"uv": [9.5, 9.5, 9, 10.5], "texture": "#0"}
			}
		},
		{
			"from": [8, 12, 8],
			"to": [9, 13, 10],
			"faces": {
				"north": {"uv": [12.5, 13.5, 13, 14], "texture": "#0"},
				"east": {"uv": [9.5, 9, 10.5, 9.5], "texture": "#0"},
				"south": {"uv": [13, 13.5, 13.5, 14], "texture": "#0"},
				"west": {"uv": [9.5, 9.5, 10.5, 10], "texture": "#0"},
				"up": {"uv": [0.5, 11, 0, 10], "texture": "#0"},
				"down": {"uv": [1, 10, 0.5, 11], "texture": "#0"}
			}
		},
		{
			"from": [8, 13, 8],
			"to": [9, 14, 10],
			"faces": {
				"north": {"uv": [13.5, 13.5, 14, 14], "texture": "#0"},
				"east": {"uv": [1, 10, 2, 10.5], "texture": "#0"},
				"south": {"uv": [0, 14, 0.5, 14.5], "texture": "#0"},
				"west": {"uv": [2, 10, 3, 10.5], "texture": "#0"},
				"up": {"uv": [4.5, 11, 4, 10], "texture": "#0"},
				"down": {"uv": [5, 10, 4.5, 11], "texture": "#0"}
			}
		},
		{
			"from": [8, 14, 8],
			"to": [9, 15, 10],
			"faces": {
				"north": {"uv": [14, 0, 14.5, 0.5], "texture": "#0"},
				"east": {"uv": [5, 10, 6, 10.5], "texture": "#0"},
				"south": {"uv": [0.5, 14, 1, 14.5], "texture": "#0"},
				"west": {"uv": [6, 10, 7, 10.5], "texture": "#0"},
				"up": {"uv": [8.5, 11, 8, 10], "texture": "#0"},
				"down": {"uv": [10.5, 8, 10, 9], "texture": "#0"}
			}
		},
		{
			"from": [6, 16, 8],
			"to": [7, 17, 10],
			"faces": {
				"north": {"uv": [14, 0.5, 14.5, 1], "texture": "#0"},
				"east": {"uv": [10, 7, 11, 7.5], "texture": "#0"},
				"south": {"uv": [1, 14, 1.5, 14.5], "texture": "#0"},
				"west": {"uv": [9.5, 10, 10.5, 10.5], "texture": "#0"},
				"up": {"uv": [9, 11, 8.5, 10], "texture": "#0"},
				"down": {"uv": [1.5, 10.5, 1, 11.5], "texture": "#0"}
			}
		},
		{
			"from": [6, 15, 8],
			"to": [7, 16, 10],
			"faces": {
				"north": {"uv": [14, 1, 14.5, 1.5], "texture": "#0"},
				"east": {"uv": [1.5, 10.5, 2.5, 11], "texture": "#0"},
				"south": {"uv": [1.5, 14, 2, 14.5], "texture": "#0"},
				"west": {"uv": [2.5, 10.5, 3.5, 11], "texture": "#0"},
				"up": {"uv": [4, 11.5, 3.5, 10.5], "texture": "#0"},
				"down": {"uv": [5.5, 10.5, 5, 11.5], "texture": "#0"}
			}
		},
		{
			"from": [6, 14, 8],
			"to": [7, 15, 10],
			"faces": {
				"north": {"uv": [2, 14, 2.5, 14.5], "texture": "#0"},
				"east": {"uv": [5.5, 10.5, 6.5, 11], "texture": "#0"},
				"south": {"uv": [2.5, 14, 3, 14.5], "texture": "#0"},
				"west": {"uv": [6.5, 10.5, 7.5, 11], "texture": "#0"},
				"up": {"uv": [8, 11.5, 7.5, 10.5], "texture": "#0"},
				"down": {"uv": [11, 7.5, 10.5, 8.5], "texture": "#0"}
			}
		},
		{
			"from": [6, 13, 8],
			"to": [7, 14, 10],
			"faces": {
				"north": {"uv": [3, 14, 3.5, 14.5], "texture": "#0"},
				"east": {"uv": [10.5, 8.5, 11.5, 9], "texture": "#0"},
				"south": {"uv": [14, 3, 14.5, 3.5], "texture": "#0"},
				"west": {"uv": [9, 10.5, 10, 11], "texture": "#0"},
				"up": {"uv": [11, 10, 10.5, 9], "texture": "#0"},
				"down": {"uv": [10.5, 10.5, 10, 11.5], "texture": "#0"}
			}
		},
		{
			"from": [6, 12, 8],
			"to": [7, 13, 10],
			"faces": {
				"north": {"uv": [3.5, 14, 4, 14.5], "texture": "#0"},
				"east": {"uv": [10.5, 10, 11.5, 10.5], "texture": "#0"},
				"south": {"uv": [14, 3.5, 14.5, 4], "texture": "#0"},
				"west": {"uv": [10.5, 10.5, 11.5, 11], "texture": "#0"},
				"up": {"uv": [0.5, 12, 0, 11], "texture": "#0"},
				"down": {"uv": [1, 11, 0.5, 12], "texture": "#0"}
			}
		},
		{
			"from": [4, 12, 8],
			"to": [5, 13, 10],
			"faces": {
				"north": {"uv": [4, 14, 4.5, 14.5], "texture": "#0"},
				"east": {"uv": [1.5, 11, 2.5, 11.5], "texture": "#0"},
				"south": {"uv": [14, 4, 14.5, 4.5], "texture": "#0"},
				"west": {"uv": [11, 2, 12, 2.5], "texture": "#0"},
				"up": {"uv": [3, 12, 2.5, 11], "texture": "#0"},
				"down": {"uv": [11.5, 2.5, 11, 3.5], "texture": "#0"}
			}
		},
		{
			"from": [4, 13, 8],
			"to": [5, 14, 10],
			"faces": {
				"north": {"uv": [4.5, 14, 5, 14.5], "texture": "#0"},
				"east": {"uv": [11, 3.5, 12, 4], "texture": "#0"},
				"south": {"uv": [14, 4.5, 14.5, 5], "texture": "#0"},
				"west": {"uv": [4, 11, 5, 11.5], "texture": "#0"},
				"up": {"uv": [3.5, 12, 3, 11], "texture": "#0"},
				"down": {"uv": [6, 11, 5.5, 12], "texture": "#0"}
			}
		},
		{
			"from": [4, 14, 8],
			"to": [5, 15, 10],
			"faces": {
				"north": {"uv": [5, 14, 5.5, 14.5], "texture": "#0"},
				"east": {"uv": [6, 11, 7, 11.5], "texture": "#0"},
				"south": {"uv": [14, 5, 14.5, 5.5], "texture": "#0"},
				"west": {"uv": [11, 6, 12, 6.5], "texture": "#0"},
				"up": {"uv": [11.5, 7.5, 11, 6.5], "texture": "#0"},
				"down": {"uv": [7.5, 11, 7, 12], "texture": "#0"}
			}
		},
		{
			"from": [4, 15, 8],
			"to": [5, 16, 10],
			"faces": {
				"north": {"uv": [5.5, 14, 6, 14.5], "texture": "#0"},
				"east": {"uv": [11, 7.5, 12, 8], "texture": "#0"},
				"south": {"uv": [14, 5.5, 14.5, 6], "texture": "#0"},
				"west": {"uv": [8, 11, 9, 11.5], "texture": "#0"},
				"up": {"uv": [9.5, 12, 9, 11], "texture": "#0"},
				"down": {"uv": [11.5, 9, 11, 10], "texture": "#0"}
			}
		},
		{
			"from": [4, 16, 8],
			"to": [5, 17, 10],
			"faces": {
				"north": {"uv": [6, 14, 6.5, 14.5], "texture": "#0"},
				"east": {"uv": [11, 8, 12, 8.5], "texture": "#0"},
				"south": {"uv": [14, 6, 14.5, 6.5], "texture": "#0"},
				"west": {"uv": [10.5, 11, 11.5, 11.5], "texture": "#0"},
				"up": {"uv": [10, 12, 9.5, 11], "texture": "#0"},
				"down": {"uv": [1.5, 11.5, 1, 12.5], "texture": "#0"}
			}
		},
		{
			"from": [13, 12, 8],
			"to": [14, 13, 10],
			"faces": {
				"north": {"uv": [6.5, 14, 7, 14.5], "texture": "#0"},
				"east": {"uv": [1.5, 11.5, 2.5, 12], "texture": "#0"},
				"south": {"uv": [14, 6.5, 14.5, 7], "texture": "#0"},
				"west": {"uv": [11.5, 2.5, 12.5, 3], "texture": "#0"},
				"up": {"uv": [4, 12.5, 3.5, 11.5], "texture": "#0"},
				"down": {"uv": [4.5, 11.5, 4, 12.5], "texture": "#0"}
			}
		},
		{
			"from": [9, 6, 6],
			"to": [10, 7, 8],
			"faces": {
				"north": {"uv": [7, 14, 7.5, 14.5], "texture": "#0"},
				"east": {"uv": [11.5, 3, 12.5, 3.5], "texture": "#0"},
				"south": {"uv": [14, 7, 14.5, 7.5], "texture": "#0"},
				"west": {"uv": [4.5, 11.5, 5.5, 12], "texture": "#0"},
				"up": {"uv": [6.5, 12.5, 6, 11.5], "texture": "#0"},
				"down": {"uv": [7, 11.5, 6.5, 12.5], "texture": "#0"}
			}
		},
		{
			"from": [9, 7, 6],
			"to": [10, 8, 8],
			"faces": {
				"north": {"uv": [7.5, 14, 8, 14.5], "texture": "#0"},
				"east": {"uv": [11.5, 6.5, 12.5, 7], "texture": "#0"},
				"south": {"uv": [14, 7.5, 14.5, 8], "texture": "#0"},
				"west": {"uv": [11.5, 7, 12.5, 7.5], "texture": "#0"},
				"up": {"uv": [8, 12.5, 7.5, 11.5], "texture": "#0"},
				"down": {"uv": [8.5, 11.5, 8, 12.5], "texture": "#0"}
			}
		},
		{
			"from": [8, 8, 6],
			"to": [9, 9, 8],
			"faces": {
				"north": {"uv": [8, 14, 8.5, 14.5], "texture": "#0"},
				"east": {"uv": [11.5, 8.5, 12.5, 9], "texture": "#0"},
				"south": {"uv": [14, 8, 14.5, 8.5], "texture": "#0"},
				"west": {"uv": [11.5, 9, 12.5, 9.5], "texture": "#0"},
				"up": {"uv": [9, 12.5, 8.5, 11.5], "texture": "#0"},
				"down": {"uv": [12, 9.5, 11.5, 10.5], "texture": "#0"}
			}
		},
		{
			"from": [9, 8, 6],
			"to": [10, 9, 8],
			"faces": {
				"north": {"uv": [8.5, 14, 9, 14.5], "texture": "#0"},
				"east": {"uv": [10, 11.5, 11, 12], "texture": "#0"},
				"south": {"uv": [14, 8.5, 14.5, 9], "texture": "#0"},
				"west": {"uv": [11.5, 10.5, 12.5, 11], "texture": "#0"},
				"up": {"uv": [11.5, 12.5, 11, 11.5], "texture": "#0"},
				"down": {"uv": [12, 11, 11.5, 12], "texture": "#0"}
			}
		},
		{
			"from": [9, 9, 6],
			"to": [10, 10, 8],
			"faces": {
				"north": {"uv": [9, 14, 9.5, 14.5], "texture": "#0"},
				"east": {"uv": [0, 12, 1, 12.5], "texture": "#0"},
				"south": {"uv": [14, 9, 14.5, 9.5], "texture": "#0"},
				"west": {"uv": [12, 0, 13, 0.5], "texture": "#0"},
				"up": {"uv": [12.5, 1.5, 12, 0.5], "texture": "#0"},
				"down": {"uv": [2, 12, 1.5, 13], "texture": "#0"}
			}
		},
		{
			"from": [9, 10, 6],
			"to": [10, 11, 8],
			"faces": {
				"north": {"uv": [9.5, 14, 10, 14.5], "texture": "#0"},
				"east": {"uv": [12, 1.5, 13, 2], "texture": "#0"},
				"south": {"uv": [14, 9.5, 14.5, 10], "texture": "#0"},
				"west": {"uv": [2, 12, 3, 12.5], "texture": "#0"},
				"up": {"uv": [3.5, 13, 3, 12], "texture": "#0"},
				"down": {"uv": [5, 12, 4.5, 13], "texture": "#0"}
			}
		},
		{
			"from": [7, 7, 6],
			"to": [8, 8, 8],
			"faces": {
				"north": {"uv": [10, 14, 10.5, 14.5], "texture": "#0"},
				"east": {"uv": [12, 2, 13, 2.5], "texture": "#0"},
				"south": {"uv": [14, 10, 14.5, 10.5], "texture": "#0"},
				"west": {"uv": [12, 3.5, 13, 4], "texture": "#0"},
				"up": {"uv": [5.5, 13, 5, 12], "texture": "#0"},
				"down": {"uv": [12.5, 5, 12, 6], "texture": "#0"}
			}
		},
		{
			"from": [7, 6, 6],
			"to": [8, 7, 8],
			"faces": {
				"north": {"uv": [10.5, 14, 11, 14.5], "texture": "#0"},
				"east": {"uv": [12, 6, 13, 6.5], "texture": "#0"},
				"south": {"uv": [14, 10.5, 14.5, 11], "texture": "#0"},
				"west": {"uv": [12, 7.5, 13, 8], "texture": "#0"},
				"up": {"uv": [6, 13, 5.5, 12], "texture": "#0"},
				"down": {"uv": [7.5, 12, 7, 13], "texture": "#0"}
			}
		},
		{
			"from": [7, 8, 6],
			"to": [8, 9, 8],
			"faces": {
				"north": {"uv": [11, 14, 11.5, 14.5], "texture": "#0"},
				"east": {"uv": [12, 8, 13, 8.5], "texture": "#0"},
				"south": {"uv": [14, 11, 14.5, 11.5], "texture": "#0"},
				"west": {"uv": [9, 12, 10, 12.5], "texture": "#0"},
				"up": {"uv": [12.5, 10.5, 12, 9.5], "texture": "#0"},
				"down": {"uv": [10.5, 12, 10, 13], "texture": "#0"}
			}
		},
		{
			"from": [7, 9, 6],
			"to": [8, 10, 8],
			"faces": {
				"north": {"uv": [11.5, 14, 12, 14.5], "texture": "#0"},
				"east": {"uv": [12, 11, 13, 11.5], "texture": "#0"},
				"south": {"uv": [14, 11.5, 14.5, 12], "texture": "#0"},
				"west": {"uv": [11.5, 12, 12.5, 12.5], "texture": "#0"},
				"up": {"uv": [11, 13, 10.5, 12], "texture": "#0"},
				"down": {"uv": [0.5, 12.5, 0, 13.5], "texture": "#0"}
			}
		},
		{
			"from": [7, 10, 6],
			"to": [8, 11, 8],
			"faces": {
				"north": {"uv": [12, 14, 12.5, 14.5], "texture": "#0"},
				"east": {"uv": [12, 11.5, 13, 12], "texture": "#0"},
				"south": {"uv": [14, 12, 14.5, 12.5], "texture": "#0"},
				"west": {"uv": [0.5, 12.5, 1.5, 13], "texture": "#0"},
				"up": {"uv": [13, 1.5, 12.5, 0.5], "texture": "#0"},
				"down": {"uv": [2.5, 12.5, 2, 13.5], "texture": "#0"}
			}
		},
		{
			"from": [5, 7, 6],
			"to": [6, 8, 8],
			"faces": {
				"north": {"uv": [12.5, 14, 13, 14.5], "texture": "#0"},
				"east": {"uv": [12.5, 2.5, 13.5, 3], "texture": "#0"},
				"south": {"uv": [14, 12.5, 14.5, 13], "texture": "#0"},
				"west": {"uv": [12.5, 3, 13.5, 3.5], "texture": "#0"},
				"up": {"uv": [3, 13.5, 2.5, 12.5], "texture": "#0"},
				"down": {"uv": [4, 12.5, 3.5, 13.5], "texture": "#0"}
			}
		},
		{
			"from": [5, 6, 6],
			"to": [6, 7, 8],
			"faces": {
				"north": {"uv": [13, 14, 13.5, 14.5], "texture": "#0"},
				"east": {"uv": [12.5, 5, 13.5, 5.5], "texture": "#0"},
				"south": {"uv": [14, 13, 14.5, 13.5], "texture": "#0"},
				"west": {"uv": [12.5, 5.5, 13.5, 6], "texture": "#0"},
				"up": {"uv": [4.5, 13.5, 4, 12.5], "texture": "#0"},
				"down": {"uv": [6.5, 12.5, 6, 13.5], "texture": "#0"}
			}
		},
		{
			"from": [5, 8, 6],
			"to": [6, 9, 8],
			"faces": {
				"north": {"uv": [13.5, 14, 14, 14.5], "texture": "#0"},
				"east": {"uv": [12.5, 6.5, 13.5, 7], "texture": "#0"},
				"south": {"uv": [14, 13.5, 14.5, 14], "texture": "#0"},
				"west": {"uv": [12.5, 7, 13.5, 7.5], "texture": "#0"},
				"up": {"uv": [7, 13.5, 6.5, 12.5], "texture": "#0"},
				"down": {"uv": [8, 12.5, 7.5, 13.5], "texture": "#0"}
			}
		},
		{
			"from": [5, 9, 6],
			"to": [6, 10, 8],
			"faces": {
				"north": {"uv": [14, 14, 14.5, 14.5], "texture": "#0"},
				"east": {"uv": [8, 12.5, 9, 13], "texture": "#0"},
				"south": {"uv": [0, 14.5, 0.5, 15], "texture": "#0"},
				"west": {"uv": [12.5, 8.5, 13.5, 9], "texture": "#0"},
				"up": {"uv": [9.5, 13.5, 9, 12.5], "texture": "#0"},
				"down": {"uv": [13, 9, 12.5, 10], "texture": "#0"}
			}
		},
		{
			"from": [5, 10, 6],
			"to": [6, 11, 8],
			"faces": {
				"north": {"uv": [14.5, 0, 15, 0.5], "texture": "#0"},
				"east": {"uv": [12.5, 10, 13.5, 10.5], "texture": "#0"},
				"south": {"uv": [0.5, 14.5, 1, 15], "texture": "#0"},
				"west": {"uv": [12.5, 10.5, 13.5, 11], "texture": "#0"},
				"up": {"uv": [10, 13.5, 9.5, 12.5], "texture": "#0"},
				"down": {"uv": [11.5, 12.5, 11, 13.5], "texture": "#0"}
			}
		},
		{
			"from": [4, 6, 6],
			"to": [5, 7, 8],
			"faces": {
				"north": {"uv": [14.5, 0.5, 15, 1], "texture": "#0"},
				"east": {"uv": [11.5, 12.5, 12.5, 13], "texture": "#0"},
				"south": {"uv": [1, 14.5, 1.5, 15], "texture": "#0"},
				"west": {"uv": [12.5, 12, 13.5, 12.5], "texture": "#0"},
				"up": {"uv": [13, 13.5, 12.5, 12.5], "texture": "#0"},
				"down": {"uv": [13.5, 0, 13, 1], "texture": "#0"}
			}
		},
		{
			"from": [4, 10, 6],
			"to": [5, 11, 8],
			"faces": {
				"north": {"uv": [14.5, 1, 15, 1.5], "texture": "#0"},
				"east": {"uv": [0.5, 13, 1.5, 13.5], "texture": "#0"},
				"south": {"uv": [1.5, 14.5, 2, 15], "texture": "#0"},
				"west": {"uv": [13, 1, 14, 1.5], "texture": "#0"},
				"up": {"uv": [2, 14, 1.5, 13], "texture": "#0"},
				"down": {"uv": [13.5, 1.5, 13, 2.5], "texture": "#0"}
			}
		},
		{
			"from": [3, 7, 6],
			"to": [4, 8, 8],
			"faces": {
				"north": {"uv": [14.5, 1.5, 15, 2], "texture": "#0"},
				"east": {"uv": [13, 3.5, 14, 4], "texture": "#0"},
				"south": {"uv": [2, 14.5, 2.5, 15], "texture": "#0"},
				"west": {"uv": [4.5, 13, 5.5, 13.5], "texture": "#0"},
				"up": {"uv": [3.5, 14, 3, 13], "texture": "#0"},
				"down": {"uv": [6, 13, 5.5, 14], "texture": "#0"}
			}
		},
		{
			"from": [3, 8, 6],
			"to": [4, 9, 8],
			"faces": {
				"north": {"uv": [14.5, 2, 15, 2.5], "texture": "#0"},
				"east": {"uv": [13, 6, 14, 6.5], "texture": "#0"},
				"south": {"uv": [2.5, 14.5, 3, 15], "texture": "#0"},
				"west": {"uv": [13, 7.5, 14, 8], "texture": "#0"},
				"up": {"uv": [7.5, 14, 7, 13], "texture": "#0"},
				"down": {"uv": [8.5, 13, 8, 14], "texture": "#0"}
			}
		},
		{
			"from": [3, 9, 6],
			"to": [4, 10, 8],
			"faces": {
				"north": {"uv": [14.5, 2.5, 15, 3], "texture": "#0"},
				"east": {"uv": [13, 8, 14, 8.5], "texture": "#0"},
				"south": {"uv": [3, 14.5, 3.5, 15], "texture": "#0"},
				"west": {"uv": [13, 9, 14, 9.5], "texture": "#0"},
				"up": {"uv": [9, 14, 8.5, 13], "texture": "#0"},
				"down": {"uv": [10.5, 13, 10, 14], "texture": "#0"}
			}
		},
		{
			"from": [12, 5, 8],
			"to": [13, 6, 9],
			"faces": {
				"north": {"uv": [0.5, 15.5, 1, 16], "texture": "#0"},
				"east": {"uv": [0, 15.5, 0.5, 16], "texture": "#0"},
				"south": {"uv": [1.5, 15.5, 2, 16], "texture": "#0"},
				"west": {"uv": [1, 15.5, 1.5, 16], "texture": "#0"},
				"up": {"uv": [1, 15.5, 0.5, 15], "texture": "#0"},
				"down": {"uv": [1.5, 15, 1, 15.5], "texture": "#0"}
			}
		},
		{
			"from": [13, 7, 8],
			"to": [14, 8, 9],
			"faces": {
				"north": {"uv": [2.5, 15.5, 3, 16], "texture": "#0"},
				"east": {"uv": [2, 15.5, 2.5, 16], "texture": "#0"},
				"south": {"uv": [3.5, 15.5, 4, 16], "texture": "#0"},
				"west": {"uv": [3, 15.5, 3.5, 16], "texture": "#0"},
				"up": {"uv": [3, 15.5, 2.5, 15], "texture": "#0"},
				"down": {"uv": [3.5, 15, 3, 15.5], "texture": "#0"}
			}
		},
		{
			"from": [15, 8, 8],
			"to": [16, 9, 9],
			"faces": {
				"north": {"uv": [2.5, 15.5, 3, 16], "texture": "#0"},
				"east": {"uv": [2, 15.5, 2.5, 16], "texture": "#0"},
				"south": {"uv": [3.5, 15.5, 4, 16], "texture": "#0"},
				"west": {"uv": [3, 15.5, 3.5, 16], "texture": "#0"},
				"up": {"uv": [3, 15.5, 2.5, 15], "texture": "#0"},
				"down": {"uv": [3.5, 15, 3, 15.5], "texture": "#0"}
			}
		},
		{
			"from": [14, 10, 8],
			"to": [15, 11, 9],
			"faces": {
				"north": {"uv": [6.5, 15.5, 7, 16], "texture": "#0"},
				"east": {"uv": [6, 15.5, 6.5, 16], "texture": "#0"},
				"south": {"uv": [7.5, 15.5, 8, 16], "texture": "#0"},
				"west": {"uv": [7, 15.5, 7.5, 16], "texture": "#0"},
				"up": {"uv": [7, 15.5, 6.5, 15], "texture": "#0"},
				"down": {"uv": [7.5, 15, 7, 15.5], "texture": "#0"}
			}
		},
		{
			"from": [17, 9, 8],
			"to": [18, 10, 9],
			"faces": {
				"north": {"uv": [6.5, 15.5, 7, 16], "texture": "#0"},
				"east": {"uv": [6, 15.5, 6.5, 16], "texture": "#0"},
				"south": {"uv": [7.5, 15.5, 8, 16], "texture": "#0"},
				"west": {"uv": [7, 15.5, 7.5, 16], "texture": "#0"},
				"up": {"uv": [7, 15.5, 6.5, 15], "texture": "#0"},
				"down": {"uv": [7.5, 15, 7, 15.5], "texture": "#0"}
			}
		},
		{
			"from": [12, 9, 8],
			"to": [13, 10, 9],
			"faces": {
				"north": {"uv": [4.5, 15.5, 5, 16], "texture": "#0"},
				"east": {"uv": [4, 15.5, 4.5, 16], "texture": "#0"},
				"south": {"uv": [5.5, 15.5, 6, 16], "texture": "#0"},
				"west": {"uv": [5, 15.5, 5.5, 16], "texture": "#0"},
				"up": {"uv": [5, 15.5, 4.5, 15], "texture": "#0"},
				"down": {"uv": [5.5, 15, 5, 15.5], "texture": "#0"}
			}
		},
		{
			"from": [15, 12, 8],
			"to": [16, 13, 9],
			"faces": {
				"north": {"uv": [8.5, 15.5, 9, 16], "texture": "#0"},
				"east": {"uv": [8, 15.5, 8.5, 16], "texture": "#0"},
				"south": {"uv": [9.5, 15.5, 10, 16], "texture": "#0"},
				"west": {"uv": [9, 15.5, 9.5, 16], "texture": "#0"},
				"up": {"uv": [9, 15.5, 8.5, 15], "texture": "#0"},
				"down": {"uv": [9.5, 15, 9, 15.5], "texture": "#0"}
			}
		},
		{
			"from": [16, 15, 8],
			"to": [17, 16, 9],
			"faces": {
				"north": {"uv": [10.5, 15.5, 11, 16], "texture": "#0"},
				"east": {"uv": [10, 15.5, 10.5, 16], "texture": "#0"},
				"south": {"uv": [11.5, 15.5, 12, 16], "texture": "#0"},
				"west": {"uv": [11, 15.5, 11.5, 16], "texture": "#0"},
				"up": {"uv": [11, 15.5, 10.5, 15], "texture": "#0"},
				"down": {"uv": [11.5, 15, 11, 15.5], "texture": "#0"}
			}
		},
		{
			"from": [3, 5, 8],
			"to": [4, 6, 9],
			"faces": {
				"north": {"uv": [0.5, 15.5, 1, 16], "texture": "#0"},
				"east": {"uv": [0, 15.5, 0.5, 16], "texture": "#0"},
				"south": {"uv": [1.5, 15.5, 2, 16], "texture": "#0"},
				"west": {"uv": [1, 15.5, 1.5, 16], "texture": "#0"},
				"up": {"uv": [1, 15.5, 0.5, 15], "texture": "#0"},
				"down": {"uv": [1.5, 15, 1, 15.5], "texture": "#0"}
			}
		},
		{
			"from": [2, 7, 8],
			"to": [3, 8, 9],
			"faces": {
				"north": {"uv": [2.5, 15.5, 3, 16], "texture": "#0"},
				"east": {"uv": [2, 15.5, 2.5, 16], "texture": "#0"},
				"south": {"uv": [3.5, 15.5, 4, 16], "texture": "#0"},
				"west": {"uv": [3, 15.5, 3.5, 16], "texture": "#0"},
				"up": {"uv": [3, 15.5, 2.5, 15], "texture": "#0"},
				"down": {"uv": [3.5, 15, 3, 15.5], "texture": "#0"}
			}
		},
		{
			"from": [1, 10, 8],
			"to": [2, 11, 9],
			"faces": {
				"north": {"uv": [6.5, 15.5, 7, 16], "texture": "#0"},
				"east": {"uv": [6, 15.5, 6.5, 16], "texture": "#0"},
				"south": {"uv": [7.5, 15.5, 8, 16], "texture": "#0"},
				"west": {"uv": [7, 15.5, 7.5, 16], "texture": "#0"},
				"up": {"uv": [7, 15.5, 6.5, 15], "texture": "#0"},
				"down": {"uv": [7.5, 15, 7, 15.5], "texture": "#0"}
			}
		},
		{
			"from": [-1, 8, 8],
			"to": [0, 9, 9],
			"faces": {
				"north": {"uv": [6.5, 15.5, 7, 16], "texture": "#0"},
				"east": {"uv": [6, 15.5, 6.5, 16], "texture": "#0"},
				"south": {"uv": [7.5, 15.5, 8, 16], "texture": "#0"},
				"west": {"uv": [7, 15.5, 7.5, 16], "texture": "#0"},
				"up": {"uv": [7, 15.5, 6.5, 15], "texture": "#0"},
				"down": {"uv": [7.5, 15, 7, 15.5], "texture": "#0"}
			}
		},
		{
			"from": [3, 9, 8],
			"to": [4, 10, 9],
			"faces": {
				"north": {"uv": [4.5, 15.5, 5, 16], "texture": "#0"},
				"east": {"uv": [4, 15.5, 4.5, 16], "texture": "#0"},
				"south": {"uv": [5.5, 15.5, 6, 16], "texture": "#0"},
				"west": {"uv": [5, 15.5, 5.5, 16], "texture": "#0"},
				"up": {"uv": [5, 15.5, 4.5, 15], "texture": "#0"},
				"down": {"uv": [5.5, 15, 5, 15.5], "texture": "#0"}
			}
		},
		{
			"from": [0, 12, 8],
			"to": [1, 13, 9],
			"faces": {
				"north": {"uv": [8.5, 15.5, 9, 16], "texture": "#0"},
				"east": {"uv": [8, 15.5, 8.5, 16], "texture": "#0"},
				"south": {"uv": [9.5, 15.5, 10, 16], "texture": "#0"},
				"west": {"uv": [9, 15.5, 9.5, 16], "texture": "#0"},
				"up": {"uv": [9, 15.5, 8.5, 15], "texture": "#0"},
				"down": {"uv": [9.5, 15, 9, 15.5], "texture": "#0"}
			}
		},
		{
			"from": [2, 13, 8],
			"to": [3, 14, 9],
			"faces": {
				"north": {"uv": [8.5, 15.5, 9, 16], "texture": "#0"},
				"east": {"uv": [8, 15.5, 8.5, 16], "texture": "#0"},
				"south": {"uv": [9.5, 15.5, 10, 16], "texture": "#0"},
				"west": {"uv": [9, 15.5, 9.5, 16], "texture": "#0"},
				"up": {"uv": [9, 15.5, 8.5, 15], "texture": "#0"},
				"down": {"uv": [9.5, 15, 9, 15.5], "texture": "#0"}
			}
		},
		{
			"from": [18, 13, 8],
			"to": [19, 14, 9],
			"faces": {
				"north": {"uv": [8.5, 15.5, 9, 16], "texture": "#0"},
				"east": {"uv": [8, 15.5, 8.5, 16], "texture": "#0"},
				"south": {"uv": [9.5, 15.5, 10, 16], "texture": "#0"},
				"west": {"uv": [9, 15.5, 9.5, 16], "texture": "#0"},
				"up": {"uv": [9, 15.5, 8.5, 15], "texture": "#0"},
				"down": {"uv": [9.5, 15, 9, 15.5], "texture": "#0"}
			}
		},
		{
			"from": [-3, 11, 8],
			"to": [-2, 12, 9],
			"faces": {
				"north": {"uv": [8.5, 15.5, 9, 16], "texture": "#0"},
				"east": {"uv": [8, 15.5, 8.5, 16], "texture": "#0"},
				"south": {"uv": [9.5, 15.5, 10, 16], "texture": "#0"},
				"west": {"uv": [9, 15.5, 9.5, 16], "texture": "#0"},
				"up": {"uv": [9, 15.5, 8.5, 15], "texture": "#0"},
				"down": {"uv": [9.5, 15, 9, 15.5], "texture": "#0"}
			}
		},
		{
			"from": [-1, 15, 8],
			"to": [0, 16, 9],
			"faces": {
				"north": {"uv": [10.5, 15.5, 11, 16], "texture": "#0"},
				"east": {"uv": [10, 15.5, 10.5, 16], "texture": "#0"},
				"south": {"uv": [11.5, 15.5, 12, 16], "texture": "#0"},
				"west": {"uv": [11, 15.5, 11.5, 16], "texture": "#0"},
				"up": {"uv": [11, 15.5, 10.5, 15], "texture": "#0"},
				"down": {"uv": [11.5, 15, 11, 15.5], "texture": "#0"}
			}
		}
	],
	"display": {
		"thirdperson_righthand": {
			"scale": [0.4, 0.4, 0.4]
		},
		"thirdperson_lefthand": {
			"scale": [0.4, 0.4, 0.4]
		},
		"firstperson_righthand": {
			"scale": [0.4, 0.4, 0.4]
		},
		"firstperson_lefthand": {
			"scale": [0.4, 0.4, 0.4]
		},
		"ground": {
			"translation": [0, 5, 0],
			"scale": [0.6, 0.6, 0.6]
		},
		"gui": {
			"rotation": [0, 180, 0],
			"scale": [0.75, 0.75, 0.75]
		},
		"head": {
			"translation": [0, 13, 0.5]
		},
		"fixed": {
			"rotation": [-90, 0, 0],
			"translation": [0, 0, -30.5],
			"scale": [4, 4, 4]
		}
	},
	"groups": [
		{
			"name": "group",
			"origin": [0, 0, 0],
			"color": 0,
			"children": [0, 1, 2, 3, 4, 5]
		},
		{
			"name": "group",
			"origin": [0, 0, 0],
			"color": 0,
			"children": [6, 7, 8, 9, 10, 11, 12, 13, 14, 15, 16, 17, 18, 19, 20, 21, 22, 23, 24, 25, 26, 27, 28, 29]
		},
		{
			"name": "group",
			"origin": [0, 0, 0],
			"color": 0,
			"children": [30, 31, 32, 33, 34, 35, 36, 37, 38, 39, 40, 41, 42, 43, 44, 45, 46, 47, 48, 49, 50]
		},
		{
			"name": "group",
			"origin": [0, 0, 0],
			"color": 0,
			"children": [51, 52, 53, 54, 55, 56, 57, 58, 59, 60, 61, 62, 63, 64, 65, 66, 67, 68]
		}
	]
}